text,label,notes
"Wave management tip: always slow push before roaming so the wave crashes under their tower while you're gone. This denies them CS and XP at the same time.",STRATEGY,
"How to play Jinx into poke lanes — start Doran's Shield, hold your W until they step up for CS, and only use Q for the extra range. Don't use chompers aggressively early.",STRATEGY,
"If you're playing a tank support, stand in front of your ADC during the laning phase. Your job is to eat skillshots, not to stand beside them.",STRATEGY,
"Macro tip: after you take first tower, rotate to dragon immediately. The objective is almost always more valuable than the gold you'd get from staying in lane.",STRATEGY,
"Vision control wins games at every elo. Before every objective fight, spend 60 seconds warding the river bushes and sweeping for enemy wards. Most teams skip this entirely.",STRATEGY,
"The best way to come back from behind as an ADC is to split push a side lane and force the enemy to respond. Don't group with your team when you're 0-4 — you're dead weight in a teamfight.",STRATEGY,
"Zed tip: always use your W shadow to escape, not to engage. New Zed players use W aggressively and then have no escape. Save it until they burn their CC.",STRATEGY,
"Laning phase tip: trade immediately after the enemy uses an ability with a long cooldown. If their support uses Thresh hook and misses, that's your window to all-in.",STRATEGY,
"How to freeze a wave: let the minions push to just outside your tower range, then last-hit only. Don't push the wave back. This denies the enemy CS without letting them reset.",STRATEGY,
"Jungle pathing guide for beginners: start bot side buff, clear three camps, then look at which side lane is winning. Always gank the winning lane — snowball advantages, don't play catch-up.",STRATEGY,
"The most underused summoner spell is Teleport for non-solo laners. Even as a support, TP lets you reset and get back to lane without losing plate gold. Consider it situationally.",STRATEGY,
"Itemization tip for ADCs this patch: rush Kraken Slayer into Runaan's Hurricane if the enemy has two or more tanks. The on-hit damage is worth more than crit in that matchup.",STRATEGY,
"How to dodge skillshots: don't move in a straight line when an enemy with a skill shot is targeting you. Walk unpredictably and bait the cast, then dodge after they commit.",STRATEGY,
"If you're behind as a mid laner, build Zhonya's as your second item. It buys you two seconds of safety in teamfights and lets your team peel for you.",STRATEGY,
"Thresh tip: your lantern is also a displacement tool. Drop it on an ally who's about to walk into a bad position and ping them to use it — it can save lives even without a flash.",STRATEGY,
"How to close out a game: when you're ahead, don't just farm. Group, take objectives, and force the enemy to respond. A 5k gold lead means nothing if you never convert it into towers.",STRATEGY,
"Warding guide for supports: the most valuable wards are not in the river — they're in the enemy jungle. Deep wards on their blue or red buff tell you where the jungler is.",STRATEGY,
"Ahri tip: your charm is your most important ability. Don't throw it randomly — wait for the enemy to walk toward you or use it when they're trying to escape. A missed charm is a wasted trade.",STRATEGY,
"How to play from behind as a toplaner: split push and farm up. Don't group for teamfights where you're useless. Split pressure forces the enemy to send two people to answer you.",STRATEGY,
"Cooldown management is the most important skill nobody talks about. Track when the enemy jungler used Smite. Track when the support used their CC. Trade into them right after.",STRATEGY,
"Garen matchup guide: he beats most melee matchups early because of his passive regen. Play ranged champions into him or stay at max range and poke. Never let him run you down with Q.",STRATEGY,
"Itemization tip: Grievous Wounds is mandatory this patch. Buy it first or second item regardless of your role if the enemy has two or more healing champions.",STRATEGY,
"How to play Yasuo effectively: never use your dash on a minion unless you're escaping. Save it for repositioning in fights. Running out of dashes in a teamfight is how you die.",STRATEGY,
"Support tip: when your jungler comes to gank, don't engage immediately. Let them get in position first. A gank where you CC too early gives the enemy time to react and escape.",STRATEGY,
"The correct play when a teamfight breaks out mid and you're bot lane: take the tower. Don't rotate unless you're sure you'll arrive in time. A free tower is always worth more than a lost teamfight.",STRATEGY,
"Jungle tip: if you're behind, farm your own jungle instead of fighting. A full clear from behind gets you back in the game faster than a 50/50 skirmish you're likely to lose.",STRATEGY,
"How to play Blitzcrank support: stand behind your minions so the enemy doesn't know when you're about to hook. Step forward to bait their positioning, then hook when they move up for CS.",STRATEGY,
"Boots choice guide: if the enemy has three or more AP champions, buy Mercury Treads regardless of your role. The tenacity is worth more than any other stat in that game.",STRATEGY,
"Macro tip for ranked: always track the enemy jungler's position. If you haven't seen them in 90 seconds, they're farming or setting up for an objective. Play accordingly.",STRATEGY,
"Fiora guide: your W parry is the key to every matchup. Learn which abilities you can parry — Darius pull, Malphite ult, Jax stun. Landing a parry turns every trade in your favor.",STRATEGY,
"How to carry games as a support: control vision so well that your team always knows where the enemy is before every fight. That information advantage is how supports carry.",STRATEGY,
"Lee Sin tip: always have a ward in your pocket so you can ward jump to safety. New Lee Sin players never do this and get caught out constantly.",STRATEGY,
"Push your advantage after winning a fight, not during it. Secure the kills, then immediately rotate to the nearest objective before the enemy respawns.",STRATEGY,
"How to beat Darius in lane: stay at max range, poke with auto attacks, and never let him apply all five stacks of his passive. If he gets the full bleed on you, back off immediately.",STRATEGY,
"Communication tip: ping before you roam, not after. Letting your team know you're rotating gives them 10 extra seconds to play safe. Roaming without pinging throws games.",STRATEGY,
"Yone matchup guide: Yone loses to champions who can dodge his Q3 knockup. Stand at an angle to his line of movement and sidestep when he dashes at you.",STRATEGY,
"How to play around Baron Nashor: never contest Baron when you're behind unless you can guarantee a 5v5 win. The fight is never worth more than the objective itself.",STRATEGY,
"Itemization for support enchanters: always finish Ardent Censer before your second item if your carry is an on-hit champion. The attack speed and on-hit bonus is multiplicative with their kit.",STRATEGY,
"Mid lane roaming tip: always push your wave to the tower before roaming. A roam that leaves your wave in the middle of the lane just bounces back and gives the enemy free CS.",STRATEGY,
"Katarina tip: your reset mechanic only works if you kill or assist. In teamfights, target low-health enemies first to chain your resets and maximize your damage window.",STRATEGY,
"How to deal with poke supports: buy sustain items early (Doran's Shield for AD, Second Wind for tanks). Don't try to all-in poke supports unless your jungler is ready to help.",STRATEGY,
"Jungle tip: always keep track of enemy jungle timers. If their red buff spawned 5 minutes ago and you haven't seen them clear it, counter-jungle it. Free camps win games.",STRATEGY,
"Positioning tip for carries: in teamfights, stay at maximum range of your abilities and auto attacks. If you can hit them, they should not be able to hit you without flashing.",STRATEGY,
"How to play Malphite into AD heavy teams: rush Sunfire Aegis into Thornmail. The reflect damage and armor make you nearly unkillable against autoattack-based champions.",STRATEGY,
"Twisted Fate tip: use your gold card (W) to set up your ultimate, not during it. Teleport across the map, then W the target on landing. Doing it in the wrong order loses you half a second.",STRATEGY,
"How to properly freeze a wave under tower: stand between your tower and the wave, last-hit at low health, and let tower shots help. Never push the wave when you're freezing.",STRATEGY,
"Renekton vs Garen: Renekton wins early because of his empowered W stun. Use your empowered W after Garen uses his Q silence — this negates his main trading tool.",STRATEGY,
"Support itemization: Locket of the Iron Solari is underbuilt this patch. If the enemy has AOE damage dealers, buying Locket gives your team a massive survivability boost in teamfights.",STRATEGY,
"How to play from ahead: don't get greedy. Take the objective that's available, reset, and repeat. Dying while ahead because you're being aggressive is the number one way to throw games.",STRATEGY,
"Caitlyn tip: your E net is also a gap-closer. Use it to reposition backward or sideways in fights, not just to escape. It can catch people off-guard when used for mobility.",STRATEGY,
"Riot's new durability patch has completely ruined the game for assassins. When tanks can outheal the burst from a fed Zed, the assassin class is functionally unplayable.",OPINION,
"The client is genuinely embarrassing for a game this size. Crashes, visual bugs, and laggy champion select have been problems for years. Riot prioritizes skins over basic software quality.",OPINION,
"Lethality itemization is fundamentally broken. There is no reason a support should be able to one-shot carries with a lethality Senna build. The stat itself is overtuned.",OPINION,
"Riot's approach to champion reworks is inconsistent. They gutted Ryze six times trying to fix him competitively while leaving broken champions like Azir untouched for years.",OPINION,
"The support role is the most thankless in the game. You do everything right — vision, peel, engage — and your ADC still blames you for their deaths. The role needs better recognition mechanics.",OPINION,
"Hextech dragon is the worst objective in the game's history. It randomly alters the terrain in a way that completely changes viable champion compositions, which breaks competitive integrity.",OPINION,
"Vanguard anti-cheat was the right decision. Yes it's invasive, but the scripting epidemic in high elo was destroying the ladder's competitive integrity. The data since launch shows improvement.",OPINION,
"The new item system is too complicated. Before the item rework, builds were intuitive. Now you need to check a spreadsheet to know which mythic synergizes with your kit.",OPINION,
"Auto-fill is destroying ranked quality. When players are forced into roles they don't know, the game becomes a coin flip. Make queue times longer and eliminate auto-fill.",OPINION,
"Champion release cadence is too fast. Riot drops a new champion every few weeks, each one overloaded with mechanics. Older champions become irrelevant and the game becomes harder to balance.",OPINION,
"The gap between high elo and low elo players is not skill — it's game knowledge. Most Bronze players would climb to Gold overnight if they just learned wave management and objective control.",OPINION,
"Riot's balance team clearly watches pro play and nerfs whatever is dominant there, without considering how those nerfs hit solo queue. Azir is balanced in pro but useless in ranked.",OPINION,
"Vision score should be a visible stat at the end of the game, and it should matter for LP calculation. A support who wards 40 times deserves more credit than the system currently gives.",OPINION,
"The surrender vote system is broken. Four players voting yes should be enough to end a game. One person holding the team hostage in a lost game is bad design.",OPINION,
"Jungle is the most impactful role in the game and also the most blamed. When things go wrong, everyone pings the jungler. The role needs better tools so players can show their impact clearly.",OPINION,
"Assassins are overtuned in low elo because players can't punish mistakes. But in high elo they're weak because everyone plays around their patterns. Riot balances around the wrong point.",OPINION,
"The LP gain and loss system is fundamentally unfair. You should not lose the same LP for a loss as you gain for a win. Losses where you performed well should penalize you less.",OPINION,
"Smurfing is the biggest problem in ranked League right now. New accounts with boosted MMR ruin games for legitimate players and Riot does nothing meaningful to prevent it.",OPINION,
"Presence of Mind rune is completely broken on mana-hungry champions. Xerath and Ryze effectively have infinite mana with it, which removes the resource management aspect of their kits.",OPINION,
"The Worlds meta is always the same: poke, disengage, and scale. Teams that play aggressive early-game compositions almost never win because the tournament format rewards safety.",OPINION,
"Bot lane is too dependent on the support. In theory the ADC carries, but in practice your support determines whether you win lane. This creates a frustrating dynamic for ADC mains.",OPINION,
"Riot should implement a coaching feature in the client. Being able to review your own games with heatmaps and decision-tree overlays would do more for skill development than any guide.",OPINION,
"The mastery system is meaningless. A million mastery points on a champion tells you nothing about player skill — it just means they played a lot. Riot should replace it with a skill-based badge.",OPINION,
"True damage as a mechanic is lazy design. When you make damage that ignores all defensive stats, you invalidate the entire itemization system for tanks. Garen and Fiora abuse this constantly.",OPINION,
"The new map changes made the game worse for toplaners. The shorter path to bot lane means top is irrelevant — games are decided bot and mid, and top lane is just a sideshow.",OPINION,
"Ranked anxiety is a real problem that Riot ignores. Adding a casual ranked mode with no LP would let players improve without the pressure. Other games do this well.",OPINION,
"The ping system is good but incomplete. We need a 'I'm backing now' ping and a 'I'm out of mana' ping. The current system forces you to type during fights just to communicate basics.",OPINION,
"Riot's skin pricing is predatory. A legendary skin costs $20 and a mythic costs even more. For a free-to-play game, these prices are designed to exploit psychological spending habits.",OPINION,
"The current state of tank itemization is broken. Tanks can build almost no damage items and still kill carries in three hits because of how overloaded their base kits are.",OPINION,
"Solo queue and pro play are two completely different games. Riot should maintain two separate balance patches — one for competitive and one for ranked. The current compromise serves neither.",OPINION,
"Cloud dragon stacking is not interesting gameplay. Getting four cloud dragons just makes the game unwinnable for the losing team faster. Dragon stacking should be redesigned.",OPINION,
"The penalty for leaving champion select is too light. A five-minute queue dodge timer does nothing to deter serial dodgers. It should escalate significantly with repeated offenses.",OPINION,
"Ability haste as a stat replaced cooldown reduction and actually made the game worse. The math is less intuitive and it allows for CDR values that break certain champions completely.",OPINION,
"Riot's communication with the player base has gotten worse every year. The dev blogs are marketing, not transparency. Real balance reasoning is never shared publicly.",OPINION,
"Mid lane mages are too safe. They have long range, wave clear, and roam potential, with no meaningful drawbacks. The role needs a trade-off built into the champion design.",OPINION,
"The experience gap between losing and winning bot lane is too large. A won bot lane snowballs the entire game because the dragon objective is right there. The map is unbalanced.",OPINION,
"Keystones need a rework pass. Some keystones like Electrocute are chosen by default for entire champion categories. That's not meaningful choice, it's an illusion of a choice.",OPINION,
"FAKER JUST PULLED OFF THE MOST INSANE ZHONYA'S TIMING I'VE EVER SEEN. HOW IS HE STILL THE BEST PLAYER IN THE WORLD AFTER 10 YEARS???",HYPE,
"T1 won Worlds again and I literally cried. I've been watching Faker since 2013 and seeing him lift that trophy one more time is the greatest moment in esports history.",HYPE,
"The new Arcane Jinx skin is absolutely breathtaking. The recall animation, the VFX, the voice lines — Riot went completely all-out and it shows. Instabuying the second it drops.",HYPE,
"PENTAKILL IN GAME 5 OF WORLDS FINALS WITH 30 SECONDS ON THE CLOCK. MY HEART CANNOT TAKE THIS. THIS IS WHY I WATCH ESPORTS.",HYPE,
"Just hit Diamond for the first time after two years of grinding. I don't care what anyone says, this feels incredible. The climb was real and I did it.",HYPE,
"The new champion reveal just dropped and I am OBSESSED. The lore, the design, the kit preview — whoever worked on this at Riot deserves a raise immediately.",HYPE,
"Gen.G just reverse swept a 0-2 series and I cannot breathe. The crowd is going absolutely insane. This is the best tournament I've ever watched.",HYPE,
"Watching Faker play Orianna in the mid-season invitational is genuinely like watching a different game. The level of control is something I didn't know was possible.",HYPE,
"I just hit a quadrakill in my placement game and my hands are shaking. I don't care that we lost, that was the single best play I've ever made.",HYPE,
"The Worlds 2023 opening ceremony was the most spectacular thing Riot has ever produced. The hologram show alone is worth watching even if you've never played the game.",HYPE,
"KDA ALL OUT is still the best musical project to ever come out of gaming. Three years later and I still get chills listening to it. Riot's music team is generational.",HYPE,
"Cloud9 just pulled off the biggest upset in LCS history. Nobody believed in them and they just destroyed the number one seed in a clean 3-0. I am SCREAMING.",HYPE,
"Just got my first ever S rank on Thresh and I immediately screenshotted it and sent it to everyone I know. Hardest champion in the game and I finally cracked it.",HYPE,
"The new Spirit Blossom splash arts are some of the most beautiful artwork in the entire game. Whoever paints these for Riot is genuinely one of the best artists working in games.",HYPE,
"Watching the LCK finals live in Seoul is a bucket list moment I'll never forget. 20,000 people all screaming at the same play. Gaming as a sport is real and it's beautiful.",HYPE,
"T1 just went 18-0 in the LCK regular season. That is statistically impossible and yet here we are. Faker is not human, he is a force of nature.",HYPE,
"I just accidentally hit a 5-man Orianna ult in a ranked game and my entire team started spamming GG in all-chat. I have never felt more powerful in my life.",HYPE,
"The new Ahri ASU is stunning. The updated animations, the new spell effects, the lore-accurate design — this is exactly what a champion update should look like. Absolutely gorgeous.",HYPE,
"Caps just outplayed three people at once under their own tower and I dropped my phone. How is this man so insane? G2 fans we are eating good tonight.",HYPE,
"Just finished the Arcane series for the third time and I sobbed again at the same moment I always sob. The best video game adaptation ever made and it's not close.",HYPE,
"My duo partner and I just went on a 12-game win streak and hit our peak MMR at the same time. Two years of grinding together and this is the best feeling ever.",HYPE,
"The Worlds anthem this year absolutely goes. Every year Riot somehow makes a better song than the last one. Get me in the stadium, I need to hear this live.",HYPE,
"RULER JUST CARRIED THAT TEAMFIGHT WITH HIS EYES CLOSED. THAT ADC MECHANICS. THAT POSITIONING. THAT MAN IS THE BEST ADC TO EVER PLAY THE GAME.",HYPE,
"Just watched a player flash-E over a wall to dodge an ult and then kill the enemy anyway. That is the kind of play that makes me love this game even when it drives me crazy.",HYPE,
"Riot just dropped the new event and the login screen music is already giving me chills. I've been playing this game for 10 years and the music still hits every single time.",HYPE,
"LPL vs LCK grand final went to five games and the last game went 50 minutes. I have not breathed normally in four hours and I would not trade this experience for anything.",HYPE,
"I just got honored by all four of my teammates in the same game. That has never happened to me before. I don't know what I did but I'm going to try to do it every game.",HYPE,
"The new Prestige Lux skin just appeared in my shop for the first time in three years and I bought it without hesitating. Some things are just worth it no matter what.",HYPE,
"200 IQ Baron steal with Smite at full health and the entire enemy team laughed and honored me after the game. That is why I jungle. Nothing else in this game feels like that.",HYPE,
"Just hit my 1000th hour in this game and I have no regrets whatsoever. League has given me more memorable moments than any other game I've played and I'll be here for 1000 more.",HYPE,
"Worlds main event just started and I'm already exhausted from the play-ins. I love this game so much it's genuinely a problem. See you all in two weeks when I've recovered.",HYPE,
"Chovy just went 10-0 in the first 15 minutes of a Worlds group stage game and the Korean crowd went completely silent for a moment before erupting. The GOAT conversation is real.",HYPE,
"Just pulled the new legendary skin from a chest after months of saving hextech keys. I know the drop rate is terrible but right now I feel like the luckiest person alive.",HYPE,
"The moment when the crowd at Worlds does the synchronized cheer for the team intro is the single most electric atmosphere in all of esports. My skin is covered in goosebumps.",HYPE,
"Morphling is insanely fun to watch play. I don't care what anyone says about his design — watching a player use that kit at the highest level is genuinely one of gaming's great spectacles.",HYPE,
"Support tip: in early lane, use your control ward to contest the pixel bush in the river. That bush determines who has priority, and priority determines who wins early objectives.",STRATEGY,
"How to play against Zed as an immobile mage: buy Zhonya's as your first or second item and bait his ult. Activating Zhonya's immediately after he ults will waste his burst entirely.",STRATEGY,
"Teamfight tip: if you're the engage champion, wait for the enemy to use their disengage abilities before committing. Nautilus should wait for Janna's ultimate before throwing his hook.",STRATEGY,
"Aatrox guide: your winning trades are all about your Q landing. Space yourself at Q3 range and only commit when you land the outer part of the third Q for the knockup.",STRATEGY,
"How to play Senna ADC: prioritize souls over kills. A Senna with 150 souls is a late-game monster. Farm the wraith souls every time they spawn, even if it means missing a fight.",STRATEGY,
"Support tip: when you're behind in lane, stop going for plays and focus entirely on vision. A safe, vision-heavy support that loses lane is still contributing. An aggressive support that feeds is not.",STRATEGY,
"Kayn guide: always take Blue Kayn (Rhaast) into tanky or bruiser-heavy compositions. Take Shadow Assassin into squishy teams. Forcing the wrong form loses you the entire mid-game.",STRATEGY,
"Itemization tip: Rabadon's Deathcap should almost never be your first or second item as an AP mage. Its effectiveness scales with your existing AP — buy it third or fourth.",STRATEGY,
"How to play safe when your jungler is invaded: push your wave fast and recall to full health. Don't try to contest the enemy jungler 1v1 unless you know you win the fight.",STRATEGY,
"Nasus stacking guide: you need 200 stacks by minute 20 as an absolute minimum. That means last-hitting with Q on every cannon and big minion. Count your stacks, not your kills.",STRATEGY,
"Bard roaming guide: don't roam randomly. Roam when your ADC has enough items to survive alone, when your opponent's support has recalled, or when you've identified the enemy jungler bot side.",STRATEGY,
"Ornn matchup guide: Ornn wins every extended trade with his passive forge survivability. Play short burst trades — poke, disengage, repeat. Never let him get three or more abilities off.",STRATEGY,
"How to play from behind as a jungler: secure your own camps, don't fight, and enable the lanes that are winning. A jungler who keeps losing 1v1s after falling behind digs the hole deeper.",STRATEGY,
"Tip for new ADC players: your auto-attack animation cancel is more important than your abilities. Practice the animation cancel with your Q ability in a custom game before playing ranked.",STRATEGY,
"Lulu guide: your ultimate is your win condition. Save it for carries who are about to die in a teamfight, not as an aggressive peel opener. Reactive ultimates on Lulu are always stronger.",STRATEGY,
"Ward placement tip: the most common mistake in ranked is warding the wrong bush. Don't ward the tribush when dragon is spawning — ward the dragon pit entrance and the river path.",STRATEGY,
"Syndra tip: land your Q before your E in every combo. Q-E stun is harder to land than E-Q stun but does significantly more damage because the Q lands inside the stun window.",STRATEGY,
"How to handle losing streaks in ranked: take a break after two consecutive losses. Your mental state affects your decision-making more than any mechanical issue. Come back fresh.",STRATEGY,
"Ezreal build guide: Trinity Force into Manamune is your core this patch. This build spikes at two items and has the best mid-game power curve of any ADC build right now.",STRATEGY,
"Ziggs poke guide: level W second, not E. Your satchel charge is your escape, not a damage tool. Leveling it gives you more utility and safety, not more damage output.",STRATEGY,
"How to punish Yasuo: play champions with point-and-click CC. Yasuo cannot Wind Wall a Lux root or a Veigar cage. His only answer is to dodge, which you can bait out.",STRATEGY,
"Jungle tip for new players: always start your game by saying 'hi' in chat and asking which side your laners want you to start. It builds rapport and gives you information about gank paths.",STRATEGY,
"Gankplank guide: your barrels are not just damage tools — they're vision tools. Drop a barrel in a bush to check it before you walk into it. This trick saves your life constantly.",STRATEGY,
"Itemization tip for support tanks: build Warmog's Armor as your third or fourth item if you're ahead. The health regeneration lets you stay at full health between fights without recalling.",STRATEGY,
"Twisted Fate in the current patch should play safe until level 6, not try to trade aggressively. His early damage is weak this patch and his value is entirely his post-6 roaming.",STRATEGY,
"How to play around the fog of war: before moving into an area you can't see, stop and ping your team. The extra five seconds of caution prevents the majority of solo queue ambushes.",STRATEGY,
"Soraka guide: use your W aggressively in lane to sustain your ADC, but always keep enough health to use your E and R in teamfights. A Soraka who runs out of health is useless.",STRATEGY,
"The new Mythic item changes pushed ADCs back into a crit-dominant meta. Galeforce is the best first item for mobility, Kraken for tanks. There's no wrong answer between those two.",STRATEGY,
"How to improve at the game in one hour per week: watch your own replays and find one mistake per game. Don't try to fix everything — fix one thing at a time and it compounds.",STRATEGY,
"Rift herald is the most underused objective in solo queue. Teams fight over dragon religiously but ignore the herald that can take down two towers by itself. Use it bot lane.",STRATEGY,
"Singed guide: your proxy farming is your biggest power play. Set up behind the enemy tower between waves and force the jungler to answer. If they don't, you take the tower for free.",STRATEGY,
"How to play Malzahar into assassins: build Zhonya's first and use your R to lock down the enemy carry in teamfights, not to kill assassins. Let your team follow up.",STRATEGY,
"ADC tip: when you're fighting in a tight space like a jungle path, position yourself so you're always moving away from the enemy while auto-attacking. Kiting in a straight line is predictable.",STRATEGY,
"Urgot guide: your flip is a displacement, not just a damage tool. Use it to throw enemies into your team, into your turret, or out of their own turret range. Positioning matters.",STRATEGY,
"Morgana support tip: your Black Shield is your most important ability but most Morgana players use it reactively. Anticipate the CC and cast it before the enemy can land their chain.",STRATEGY,
"How to survive early ganks as a solo laner: always have escape wards placed before the 3-minute mark. Ward the bush that's closest to the enemy jungle entrance on your side.",STRATEGY,
"Ekko tip: your R has a three-second preview window. Learn where you were three seconds ago before you commit to a fight so you know whether your R is a get-out-of-jail card or a trap.",STRATEGY,
"The burst damage creep in this game has made tanks meaningless. When an assassin can delete a full-health tank in three abilities, the itemization system for defensive stats is fundamentally broken.",OPINION,
"Riot's obsession with releasing champions with outplay potential has made the game less fun for everyone who doesn't want to play a mechanically intensive champion.",OPINION,
"The new jungle camps spawn too quickly. Junglers are gaining levels and gold too fast compared to laners, which makes the role dominant in every elo bracket.",OPINION,
"Competitive League at the international level has become less exciting because every team plays the same meta. The variance is gone and with it most of the unpredictability.",OPINION,
"The honor system is meaningless as a reform tool. Players who genuinely toxicity get an honor level reset that affects them for two weeks. The punishment needs to last months.",OPINION,
"League's new player experience is terrible. The tutorial is outdated, the practice tool is hidden, and new players get dumped into ranked-adjacent queues too quickly. No wonder retention is low.",OPINION,
"The visual clarity of teamfights has gotten worse every year. Each new champion has more particle effects than the last and 5v5 fights are nearly unreadable at this point.",OPINION,
"Riot continues to design champions with too many mobility tools. When every new champion can dash twice and teleport once per kit, the game favors mobility to a degree that isn't healthy.",OPINION,
"The 14.1 patch gutted support enchanters without justification. Moonstone Renewer was nerfed three times in a row while offensive support items remain untouched. The role is being punished for being popular.",OPINION,
"Queue times in Emerald and above are too long because the matchmaking system is too strict. Slightly wider MMR brackets would reduce queue time without meaningfully affecting game quality.",OPINION,
"The current mastery emote system is used entirely for taunting. Riot should replace it with something that rewards skilled play rather than giving players a tool to be annoying after kills.",OPINION,
"Riot's handling of the Tyler1 unban showed that consistent rule enforcement is impossible at this company. Rules exist until they get enough community pushback, then exceptions are made.",OPINION,
"The split system for ranked was supposed to reduce burnout but made it worse. Now players feel obligated to grind during every split window instead of playing when they want.",OPINION,
"Modern champion kits are not designed for clarity — they're designed for highlight reels. Every new kit has a condition that triples its damage, which makes playing against it unfun.",OPINION,
"The Yuumi rework missed the point. The problem with Yuumi was never her numbers — it was her mechanic of attaching to allies. That mechanic should have been removed entirely.",OPINION,
"Ranked in solo queue does not measure individual skill. It measures how well you perform relative to your teammates across a sample of games. These are different things and Riot conflates them.",OPINION,
"The game's pacing has become too fast. Objectives spawn too early, gold comes in too quickly, and games end before the late-game carry fantasy can develop. The 25-minute average game time is bad for the genre.",OPINION,
"Jungle changes in 14.0 clearly favor aggressive farming paths. Tanks junglers are dying out not because they're unviable but because the camp layout punishes their slower clear speed.",OPINION,
"Item shop UI is still bad after three years. Searching for items takes too many clicks and the recommended items section is algorithmically generated noise, not useful advice.",OPINION,
"The Rift Herald respawn timer should be shorter. As it stands, teams often ignore it entirely in the mid-game because the window to use it effectively is too narrow.",OPINION,
"Riot should publish detailed balance reasoning for every significant change. 'We felt this champion was overperforming' is not a satisfying explanation. Show the data.",OPINION,
"The new map terrain changes are cosmetic improvements but gameplay regressions. The wider river paths make roaming easier and reduce the jungle control that differentiated skilled junglers.",OPINION,
"I just pulled Prestige Ahri from a loot chest I'd had sitting for six months and I screamed loud enough that my roommates came to check on me. Greatest moment of my gaming life.",HYPE,
"THE LCK FINALS JUST ENDED IN A TRIPLE PENTAKILL SEQUENCE AND THE STADIUM LITERALLY WENT DARK FROM THE SCREAMING. I don't even know what I watched but I'm not okay.",HYPE,
"New champion trailer just dropped and I've already watched it eleven times. The music, the animation, the lore implications — Riot absolutely understood the assignment.",HYPE,
"My ranked team just hit Master for the first time after seven months of playing together. None of us talked about it, we just all quietly logged on and played until we got there. I'm emotional.",HYPE,
"Just watched Uzi play for the first time in years at a charity event and he still looks like the best ADC who ever lived. Some players are just permanently in a different dimension.",HYPE,
"The new Star Guardian event is the most fun I've had in League in years. The game mode is perfect, the skins are perfect, everything about this is perfect. Please bring it back every year.",HYPE,
"Flash into 5-man Malphite ult into win. That is it. That is the entire post. I have been waiting two months to hit that play and I hit it and we won. I'm done for the night.",HYPE,
"T1 vs Gen.G went to Game 5, all five games went over 35 minutes, and I have not eaten anything since noon. Worth every second. That series was the best League I've ever watched.",HYPE,
"Seeing 20,000 people cheer for their team at the Worlds venue in South Korea makes me remember why I fell in love with this game. Esports is real and it's incredible.",HYPE,
"I just played the best game of my life. 14-0-8, carried every teamfight, closed it out at 28 minutes. I don't care what rank I am — right now I am the best player in the world.",HYPE,
"The new event pass cinematics get better every single year. I stopped the video twice just to look at the detail in the background art. Riot's animation team deserves so much credit.",HYPE,
"Honestly crying watching the retirement announcement. Ten years following this player's career and it ends with a championship. Could not have scripted a better ending. Thank you.",HYPE,
"Just got into a game with a Challenger player in a normal match and they were the nicest person I've ever played with. They complimented my positioning every single fight. This community can be wonderful.",HYPE,
"BARON STEAL WITH THE FINAL SMITE AT 1 HP AND THEN WE WON THE GAME. I HAVE BEEN PLAYING THIS GAME FOR EIGHT YEARS AND THAT IS THE BEST MOMENT I HAVE EVER HAD.",HYPE,
"The Worlds opening ceremony performance this year had me in tears. The live orchestra combined with the hologram show is something no other esport even comes close to.",HYPE,
"Just witnessed a 1v5 pentakill in a pro game on the analyst desk broadcast and everyone in the studio lost their minds simultaneously. I rewatched that clip 20 times.",HYPE,
"Reached Platinum for the first time ever after starting in Iron two seasons ago. Nobody believed I could do it. I barely believed I could do it. But here we are.",HYPE,
"The new Caitlyn legendary skin voiceover is so good I've been sitting in the lobby just clicking her abilities to hear the lines. Riot's voice direction team is elite.",HYPE,
"G2 just beat the number one seed with a three-minute Baron dance and somehow pulled off the win. Absolutely unhinged series, I cannot believe what I just watched.",HYPE,
"The ranked system punishes players who play a wide champion pool. You climb faster by one-tricking, which creates a meta of specialists who can't adapt. That's bad game design.",OPINION,
"Riot's decision to remove tribunal was a mistake. Player-driven moderation was imperfect but it gave the community ownership over its culture. The current report system has no transparency.",OPINION,
"Healing in this meta is completely out of control. Three sources of omnivamp on a single champion means that burst damage champions are nearly obsolete. The stat needs a hard cap.",OPINION,
"The new player onboarding funnel pushes people into the ranked system too fast. Players should be required to complete a minimum number of normal games before ranked access unlocks.",OPINION,
"Riot's champion diversity stats are misleading. Yes 80% of champions are played in pro play, but the same 10 champions appear in 80% of games. Diversity is concentrated at the top.",OPINION,
"I think the dragon soul system was a mistake in its current form. Getting four drakes of the same type is rare enough that it feels like winning a lottery rather than executing a strategy.",OPINION,
"Ranked duo queue should be eliminated or strictly limited to players within one tier of each other. The current system allows boosting by design and everyone knows it.",OPINION,
"How to itemize against heavy CC: buy Quicksilver Sash as your first or second component. Don't wait for the full item — the active is available immediately and saves your life.",STRATEGY,
"Jungle tip: always clear your camps before contesting dragon or baron. Showing up with half-cleared camps means you're giving free gold to the enemy jungler if you lose the fight.",STRATEGY,
"Vel'Koz guide: your Q splits into two bolts after a short distance. Aim your Q so the split happens at the target's location rather than trying to hit them with the initial projectile.",STRATEGY,
"How to win games when you're the strongest 1v1 champion: split push at all times. The moment you stop pressuring a side lane, your advantage disappears in a teamfight.",STRATEGY,
"Sion guide: you can use your E shield to block skillshots. Activate it proactively when you see a projectile coming, not after it's already hit you. The timing window is generous.",STRATEGY,
